{
  "b2_max_pooled": {
    "n_points": 3216,
    "slope": 0.14123616209652673,
    "intercept": 1.2362408948022061,
    "r2": 0.34181553596267966,
    "stderr_slope": 0.0034570119903843443,
    "rmse_dex": 0.25098605466386764,
    "sun_pred_years": 327720.6354879343,
    "sun_pred_log10_years": 5.515503788335032,
    "sun_dex_error_vs_1e10": 4.484496211664968
  },
  "b2_max_bins1": {
    "bins": 14,
    "slope": 0.20338694206864966,
    "intercept": 1.1687510828198069,
    "r2": 0.8905979888560852,
    "stderr_slope": 0.020578051109267897,
    "rmse_dex": 0.2907270805843367,
    "sun_pred_years": 21433730.22686691,
    "sun_pred_log10_years": 7.331097760214309,
    "sun_dex_error_vs_1e10": 2.668902239785691
  },
  "b2_max_bins2": {
    "bins": 8,
    "slope": 0.2209351199532794,
    "intercept": 1.078892005995554,
    "r2": 0.9440789572962566,
    "stderr_slope": 0.0219519246501195,
    "rmse_dex": 0.22797082974067054,
    "sun_pred_years": 59282227.84812292,
    "sun_pred_log10_years": 7.772924516225755,
    "sun_dex_error_vs_1e10": 2.227075483774245
  },
  "b2_expanded_pooled": {
    "n_points": 3129,
    "slope": 0.13941684598272078,
    "intercept": 1.240287856515123,
    "r2": 0.3389307306031406,
    "stderr_slope": 0.0034819242879324482,
    "rmse_dex": 0.24978635113826572,
    "sun_pred_years": 291358.6764281055,
    "sun_pred_log10_years": 5.464427955560689,
    "sun_dex_error_vs_1e10": 4.535572044439311
  },
  "b2_expanded_bins1": {
    "bins": 14,
    "slope": 0.20339556998466393,
    "intercept": 1.1704300834252244,
    "r2": 0.8900115687287117,
    "stderr_slope": 0.020640800897979036,
    "rmse_dex": 0.29161278988385936,
    "sun_pred_years": 21529709.745933454,
    "sun_pred_log10_years": 7.333038174895983,
    "sun_dex_error_vs_1e10": 2.666961825104017
  },
  "b2_expanded_bins2": {
    "bins": 8,
    "slope": 0.2209652032221428,
    "intercept": 1.0802535815879544,
    "r2": 0.9433100363577999,
    "stderr_slope": 0.02211434723205003,
    "rmse_dex": 0.22969205612445945,
    "sun_pred_years": 59593319.00393238,
    "sun_pred_log10_years": 7.77519757379453,
    "sun_dex_error_vs_1e10": 2.2248024262054704
  }
}